{
  "__type__": "cc.SpriteFrame",
  "content": {
    "name": "43",
    "atlas": "",
    "rect": {
      "x": 6,
      "y": 8,
      "width": 35,
      "height": 32
    },
    "offset": {
      "x": 0.5,
      "y": -1
    },
    "originalSize": {
      "width": 46,
      "height": 46
    },
    "rotated": false,
    "capInsets": [
      0,
      0,
      0,
      0
    ],
    "vertices": {
      "rawPosition": [
        -17.5,
        -16,
        0,
        17.5,
        -16,
        0,
        -17.5,
        16,
        0,
        17.5,
        16,
        0
      ],
      "indexes": [
        0,
        1,
        2,
        2,
        1,
        3
      ],
      "uv": [
        6,
        38,
        41,
        38,
        6,
        6,
        41,
        6
      ],
      "nuv": [
        0.13043478260869565,
        0.13043478260869565,
        0.8913043478260869,
        0.13043478260869565,
        0.13043478260869565,
        0.8260869565217391,
        0.8913043478260869,
        0.8260869565217391
      ],
      "minPos": {
        "x": -17.5,
        "y": -16,
        "z": 0
      },
      "maxPos": {
        "x": 17.5,
        "y": 16,
        "z": 0
      }
    },
    "texture": "b6a7bdb6-4390-4677-bebc-45b2161d2c07@6c48a",
    "packable": true,
    "pixelsToUnit": 100,
    "pivot": {
      "x": 0.5,
      "y": 0.5
    },
    "meshType": 0
  }
}