{
  "__type__": "cc.SpriteFrame",
  "content": {
    "name": "28",
    "atlas": "",
    "rect": {
      "x": 17,
      "y": 12,
      "width": 14,
      "height": 24
    },
    "offset": {
      "x": 0,
      "y": 0
    },
    "originalSize": {
      "width": 48,
      "height": 48
    },
    "rotated": false,
    "capInsets": [
      0,
      0,
      0,
      0
    ],
    "vertices": {
      "rawPosition": [
        -7,
        -12,
        0,
        7,
        -12,
        0,
        -7,
        12,
        0,
        7,
        12,
        0
      ],
      "indexes": [
        0,
        1,
        2,
        2,
        1,
        3
      ],
      "uv": [
        17,
        36,
        31,
        36,
        17,
        12,
        31,
        12
      ],
      "nuv": [
        0.3541666666666667,
        0.25,
        0.6458333333333334,
        0.25,
        0.3541666666666667,
        0.75,
        0.6458333333333334,
        0.75
      ],
      "minPos": {
        "x": -7,
        "y": -12,
        "z": 0
      },
      "maxPos": {
        "x": 7,
        "y": 12,
        "z": 0
      }
    },
    "texture": "0e6bbbcd-9b13-485b-a5cb-791a5ca65140@6c48a",
    "packable": true,
    "pixelsToUnit": 100,
    "pivot": {
      "x": 0.5,
      "y": 0.5
    },
    "meshType": 0
  }
}