{
  "__type__": "cc.SpriteFrame",
  "content": {
    "name": "26",
    "atlas": "",
    "rect": {
      "x": 24,
      "y": 24,
      "width": 60,
      "height": 60
    },
    "offset": {
      "x": 0.5,
      "y": -0.5
    },
    "originalSize": {
      "width": 107,
      "height": 107
    },
    "rotated": false,
    "capInsets": [
      0,
      0,
      0,
      0
    ],
    "vertices": {
      "rawPosition": [
        -30,
        -30,
        0,
        30,
        -30,
        0,
        -30,
        30,
        0,
        30,
        30,
        0
      ],
      "indexes": [
        0,
        1,
        2,
        2,
        1,
        3
      ],
      "uv": [
        24,
        83,
        84,
        83,
        24,
        23,
        84,
        23
      ],
      "nuv": [
        0.22429906542056074,
        0.21495327102803738,
        0.7850467289719626,
        0.21495327102803738,
        0.22429906542056074,
        0.7757009345794392,
        0.7850467289719626,
        0.7757009345794392
      ],
      "minPos": {
        "x": -30,
        "y": -30,
        "z": 0
      },
      "maxPos": {
        "x": 30,
        "y": 30,
        "z": 0
      }
    },
    "texture": "df0db44b-586d-41e3-a662-04feb1ee4502@6c48a",
    "packable": true,
    "pixelsToUnit": 100,
    "pivot": {
      "x": 0.5,
      "y": 0.5
    },
    "meshType": 0
  }
}