{
  "__type__": "cc.SpriteFrame",
  "content": {
    "name": "38",
    "atlas": "",
    "rect": {
      "x": 14,
      "y": 3,
      "width": 31,
      "height": 58
    },
    "offset": {
      "x": 0.5,
      "y": -0.5
    },
    "originalSize": {
      "width": 58,
      "height": 63
    },
    "rotated": false,
    "capInsets": [
      0,
      0,
      0,
      0
    ],
    "vertices": {
      "rawPosition": [
        -15.5,
        -29,
        0,
        15.5,
        -29,
        0,
        -15.5,
        29,
        0,
        15.5,
        29,
        0
      ],
      "indexes": [
        0,
        1,
        2,
        2,
        1,
        3
      ],
      "uv": [
        14,
        60,
        45,
        60,
        14,
        2,
        45,
        2
      ],
      "nuv": [
        0.2413793103448276,
        0.031746031746031744,
        0.7758620689655172,
        0.031746031746031744,
        0.2413793103448276,
        0.9523809523809523,
        0.7758620689655172,
        0.9523809523809523
      ],
      "minPos": {
        "x": -15.5,
        "y": -29,
        "z": 0
      },
      "maxPos": {
        "x": 15.5,
        "y": 29,
        "z": 0
      }
    },
    "texture": "cec8cff6-c57e-4e81-a00a-174f5e19516f@6c48a",
    "packable": true,
    "pixelsToUnit": 100,
    "pivot": {
      "x": 0.5,
      "y": 0.5
    },
    "meshType": 0
  }
}