{
  "__type__": "cc.SpriteFrame",
  "content": {
    "name": "46",
    "atlas": "",
    "rect": {
      "x": 1,
      "y": 0,
      "width": 550,
      "height": 9
    },
    "offset": {
      "x": 0,
      "y": 0
    },
    "originalSize": {
      "width": 552,
      "height": 9
    },
    "rotated": false,
    "capInsets": [
      0,
      0,
      0,
      0
    ],
    "vertices": {
      "rawPosition": [
        -275,
        -4.5,
        0,
        275,
        -4.5,
        0,
        -275,
        4.5,
        0,
        275,
        4.5,
        0
      ],
      "indexes": [
        0,
        1,
        2,
        2,
        1,
        3
      ],
      "uv": [
        1,
        9,
        551,
        9,
        1,
        0,
        551,
        0
      ],
      "nuv": [
        0.0018115942028985507,
        0,
        0.9981884057971014,
        0,
        0.0018115942028985507,
        1,
        0.9981884057971014,
        1
      ],
      "minPos": {
        "x": -275,
        "y": -4.5,
        "z": 0
      },
      "maxPos": {
        "x": 275,
        "y": 4.5,
        "z": 0
      }
    },
    "texture": "70b5883e-d438-47ea-860a-920f52ac3992@6c48a",
    "packable": true,
    "pixelsToUnit": 100,
    "pivot": {
      "x": 0.5,
      "y": 0.5
    },
    "meshType": 0
  }
}