{
  "__type__": "cc.SpriteFrame",
  "content": {
    "name": "36",
    "atlas": "",
    "rect": {
      "x": 3,
      "y": 1,
      "width": 36,
      "height": 38
    },
    "offset": {
      "x": 0.5,
      "y": 0.5
    },
    "originalSize": {
      "width": 41,
      "height": 41
    },
    "rotated": false,
    "capInsets": [
      0,
      0,
      0,
      0
    ],
    "vertices": {
      "rawPosition": [
        -18,
        -19,
        0,
        18,
        -19,
        0,
        -18,
        19,
        0,
        18,
        19,
        0
      ],
      "indexes": [
        0,
        1,
        2,
        2,
        1,
        3
      ],
      "uv": [
        3,
        40,
        39,
        40,
        3,
        2,
        39,
        2
      ],
      "nuv": [
        0.07317073170731707,
        0.04878048780487805,
        0.9512195121951219,
        0.04878048780487805,
        0.07317073170731707,
        0.975609756097561,
        0.9512195121951219,
        0.975609756097561
      ],
      "minPos": {
        "x": -18,
        "y": -19,
        "z": 0
      },
      "maxPos": {
        "x": 18,
        "y": 19,
        "z": 0
      }
    },
    "texture": "f7904ee3-66e9-48aa-bacb-b3cad6f62f36@6c48a",
    "packable": true,
    "pixelsToUnit": 100,
    "pivot": {
      "x": 0.5,
      "y": 0.5
    },
    "meshType": 0
  }
}