{
  "__type__": "cc.SpriteFrame",
  "content": {
    "name": "58",
    "atlas": "",
    "rect": {
      "x": 0,
      "y": 7,
      "width": 43,
      "height": 29
    },
    "offset": {
      "x": 0,
      "y": -0.5
    },
    "originalSize": {
      "width": 43,
      "height": 42
    },
    "rotated": false,
    "capInsets": [
      0,
      0,
      0,
      0
    ],
    "vertices": {
      "rawPosition": [
        -21.5,
        -14.5,
        0,
        21.5,
        -14.5,
        0,
        -21.5,
        14.5,
        0,
        21.5,
        14.5,
        0
      ],
      "indexes": [
        0,
        1,
        2,
        2,
        1,
        3
      ],
      "uv": [
        0,
        35,
        43,
        35,
        0,
        6,
        43,
        6
      ],
      "nuv": [
        0,
        0.14285714285714285,
        1,
        0.14285714285714285,
        0,
        0.8333333333333334,
        1,
        0.8333333333333334
      ],
      "minPos": {
        "x": -21.5,
        "y": -14.5,
        "z": 0
      },
      "maxPos": {
        "x": 21.5,
        "y": 14.5,
        "z": 0
      }
    },
    "texture": "4bfb3983-7536-453c-9259-6f2ff6d57eb1@6c48a",
    "packable": true,
    "pixelsToUnit": 100,
    "pivot": {
      "x": 0.5,
      "y": 0.5
    },
    "meshType": 0
  }
}