{
  "__type__": "cc.SpriteFrame",
  "content": {
    "name": "4",
    "atlas": "",
    "rect": {
      "x": 1,
      "y": 1,
      "width": 91,
      "height": 91
    },
    "offset": {
      "x": 0,
      "y": 0
    },
    "originalSize": {
      "width": 93,
      "height": 93
    },
    "rotated": false,
    "capInsets": [
      0,
      0,
      0,
      0
    ],
    "vertices": {
      "rawPosition": [
        -45.5,
        -45.5,
        0,
        45.5,
        -45.5,
        0,
        -45.5,
        45.5,
        0,
        45.5,
        45.5,
        0
      ],
      "indexes": [
        0,
        1,
        2,
        2,
        1,
        3
      ],
      "uv": [
        1,
        92,
        92,
        92,
        1,
        1,
        92,
        1
      ],
      "nuv": [
        0.010752688172043012,
        0.010752688172043012,
        0.989247311827957,
        0.010752688172043012,
        0.010752688172043012,
        0.989247311827957,
        0.989247311827957,
        0.989247311827957
      ],
      "minPos": {
        "x": -45.5,
        "y": -45.5,
        "z": 0
      },
      "maxPos": {
        "x": 45.5,
        "y": 45.5,
        "z": 0
      }
    },
    "texture": "c823609d-5ebe-4d62-a0de-95d72a3bfa9b@6c48a",
    "packable": true,
    "pixelsToUnit": 100,
    "pivot": {
      "x": 0.5,
      "y": 0.5
    },
    "meshType": 0
  }
}