{
  "__type__": "cc.SpriteFrame",
  "content": {
    "name": "34",
    "atlas": "",
    "rect": {
      "x": 0,
      "y": 6,
      "width": 58,
      "height": 51
    },
    "offset": {
      "x": 0,
      "y": 0
    },
    "originalSize": {
      "width": 58,
      "height": 63
    },
    "rotated": false,
    "capInsets": [
      0,
      0,
      0,
      0
    ],
    "vertices": {
      "rawPosition": [
        -29,
        -25.5,
        0,
        29,
        -25.5,
        0,
        -29,
        25.5,
        0,
        29,
        25.5,
        0
      ],
      "indexes": [
        0,
        1,
        2,
        2,
        1,
        3
      ],
      "uv": [
        0,
        57,
        58,
        57,
        0,
        6,
        58,
        6
      ],
      "nuv": [
        0,
        0.09523809523809523,
        1,
        0.09523809523809523,
        0,
        0.9047619047619048,
        1,
        0.9047619047619048
      ],
      "minPos": {
        "x": -29,
        "y": -25.5,
        "z": 0
      },
      "maxPos": {
        "x": 29,
        "y": 25.5,
        "z": 0
      }
    },
    "texture": "52db6f88-5d10-4b20-a973-6235c51ff10e@6c48a",
    "packable": true,
    "pixelsToUnit": 100,
    "pivot": {
      "x": 0.5,
      "y": 0.5
    },
    "meshType": 0
  }
}