{
  "__type__": "cc.SpriteFrame",
  "content": {
    "name": "59",
    "atlas": "",
    "rect": {
      "x": 4,
      "y": 0,
      "width": 36,
      "height": 42
    },
    "offset": {
      "x": 0.5,
      "y": 0
    },
    "originalSize": {
      "width": 43,
      "height": 42
    },
    "rotated": false,
    "capInsets": [
      0,
      0,
      0,
      0
    ],
    "vertices": {
      "rawPosition": [
        -18,
        -21,
        0,
        18,
        -21,
        0,
        -18,
        21,
        0,
        18,
        21,
        0
      ],
      "indexes": [
        0,
        1,
        2,
        2,
        1,
        3
      ],
      "uv": [
        4,
        42,
        40,
        42,
        4,
        0,
        40,
        0
      ],
      "nuv": [
        0.09302325581395349,
        0,
        0.9302325581395349,
        0,
        0.09302325581395349,
        1,
        0.9302325581395349,
        1
      ],
      "minPos": {
        "x": -18,
        "y": -21,
        "z": 0
      },
      "maxPos": {
        "x": 18,
        "y": 21,
        "z": 0
      }
    },
    "texture": "b5355571-c2b0-44e0-a327-89e6c00a6c19@6c48a",
    "packable": true,
    "pixelsToUnit": 100,
    "pivot": {
      "x": 0.5,
      "y": 0.5
    },
    "meshType": 0
  }
}