{
  "__type__": "cc.SpriteFrame",
  "content": {
    "name": "60",
    "atlas": "",
    "rect": {
      "x": 3,
      "y": 1,
      "width": 37,
      "height": 40
    },
    "offset": {
      "x": 0,
      "y": 0
    },
    "originalSize": {
      "width": 43,
      "height": 42
    },
    "rotated": false,
    "capInsets": [
      0,
      0,
      0,
      0
    ],
    "vertices": {
      "rawPosition": [
        -18.5,
        -20,
        0,
        18.5,
        -20,
        0,
        -18.5,
        20,
        0,
        18.5,
        20,
        0
      ],
      "indexes": [
        0,
        1,
        2,
        2,
        1,
        3
      ],
      "uv": [
        3,
        41,
        40,
        41,
        3,
        1,
        40,
        1
      ],
      "nuv": [
        0.06976744186046512,
        0.023809523809523808,
        0.9302325581395349,
        0.023809523809523808,
        0.06976744186046512,
        0.9761904761904762,
        0.9302325581395349,
        0.9761904761904762
      ],
      "minPos": {
        "x": -18.5,
        "y": -20,
        "z": 0
      },
      "maxPos": {
        "x": 18.5,
        "y": 20,
        "z": 0
      }
    },
    "texture": "1176de4c-e89a-4f84-b73d-80e1b3021208@6c48a",
    "packable": true,
    "pixelsToUnit": 100,
    "pivot": {
      "x": 0.5,
      "y": 0.5
    },
    "meshType": 0
  }
}