{
  "__type__": "cc.SpriteFrame",
  "content": {
    "name": "32",
    "atlas": "",
    "rect": {
      "x": 4,
      "y": 5,
      "width": 52,
      "height": 52
    },
    "offset": {
      "x": -1.5,
      "y": 0
    },
    "originalSize": {
      "width": 63,
      "height": 62
    },
    "rotated": false,
    "capInsets": [
      0,
      0,
      0,
      0
    ],
    "vertices": {
      "rawPosition": [
        -26,
        -26,
        0,
        26,
        -26,
        0,
        -26,
        26,
        0,
        26,
        26,
        0
      ],
      "indexes": [
        0,
        1,
        2,
        2,
        1,
        3
      ],
      "uv": [
        4,
        57,
        56,
        57,
        4,
        5,
        56,
        5
      ],
      "nuv": [
        0.06349206349206349,
        0.08064516129032258,
        0.8888888888888888,
        0.08064516129032258,
        0.06349206349206349,
        0.9193548387096774,
        0.8888888888888888,
        0.9193548387096774
      ],
      "minPos": {
        "x": -26,
        "y": -26,
        "z": 0
      },
      "maxPos": {
        "x": 26,
        "y": 26,
        "z": 0
      }
    },
    "texture": "2553053f-9c95-4242-9e1e-7023b47b1363@6c48a",
    "packable": true,
    "pixelsToUnit": 100,
    "pivot": {
      "x": 0.5,
      "y": 0.5
    },
    "meshType": 0
  }
}