{
  "__type__": "cc.SpriteFrame",
  "content": {
    "name": "15",
    "atlas": "",
    "rect": {
      "x": 0,
      "y": 1,
      "width": 199,
      "height": 186
    },
    "offset": {
      "x": 0,
      "y": -0.5
    },
    "originalSize": {
      "width": 199,
      "height": 187
    },
    "rotated": false,
    "capInsets": [
      0,
      0,
      0,
      0
    ],
    "vertices": {
      "rawPosition": [
        -99.5,
        -93,
        0,
        99.5,
        -93,
        0,
        -99.5,
        93,
        0,
        99.5,
        93,
        0
      ],
      "indexes": [
        0,
        1,
        2,
        2,
        1,
        3
      ],
      "uv": [
        0,
        186,
        199,
        186,
        0,
        0,
        199,
        0
      ],
      "nuv": [
        0,
        0,
        1,
        0,
        0,
        0.9946524064171123,
        1,
        0.9946524064171123
      ],
      "minPos": {
        "x": -99.5,
        "y": -93,
        "z": 0
      },
      "maxPos": {
        "x": 99.5,
        "y": 93,
        "z": 0
      }
    },
    "texture": "77f904a6-6d5e-4dad-b936-7d15b45f787c@6c48a",
    "packable": true,
    "pixelsToUnit": 100,
    "pivot": {
      "x": 0.5,
      "y": 0.5
    },
    "meshType": 0
  }
}