{
  "__type__": "cc.SpriteFrame",
  "content": {
    "name": "25",
    "atlas": "",
    "rect": {
      "x": 27,
      "y": 20,
      "width": 20,
      "height": 35
    },
    "offset": {
      "x": 0,
      "y": -0.5
    },
    "originalSize": {
      "width": 74,
      "height": 74
    },
    "rotated": false,
    "capInsets": [
      0,
      0,
      0,
      0
    ],
    "vertices": {
      "rawPosition": [
        -10,
        -17.5,
        0,
        10,
        -17.5,
        0,
        -10,
        17.5,
        0,
        10,
        17.5,
        0
      ],
      "indexes": [
        0,
        1,
        2,
        2,
        1,
        3
      ],
      "uv": [
        27,
        54,
        47,
        54,
        27,
        19,
        47,
        19
      ],
      "nuv": [
        0.36486486486486486,
        0.25675675675675674,
        0.6351351351351351,
        0.25675675675675674,
        0.36486486486486486,
        0.7297297297297297,
        0.6351351351351351,
        0.7297297297297297
      ],
      "minPos": {
        "x": -10,
        "y": -17.5,
        "z": 0
      },
      "maxPos": {
        "x": 10,
        "y": 17.5,
        "z": 0
      }
    },
    "texture": "999e48de-0ba9-4b59-991a-33dc4bc4e837@6c48a",
    "packable": true,
    "pixelsToUnit": 100,
    "pivot": {
      "x": 0.5,
      "y": 0.5
    },
    "meshType": 0
  }
}