{
  "__type__": "cc.SpriteFrame",
  "content": {
    "name": "40",
    "atlas": "",
    "rect": {
      "x": 6,
      "y": 2,
      "width": 29,
      "height": 36
    },
    "offset": {
      "x": 0,
      "y": 0.5
    },
    "originalSize": {
      "width": 41,
      "height": 41
    },
    "rotated": false,
    "capInsets": [
      0,
      0,
      0,
      0
    ],
    "vertices": {
      "rawPosition": [
        -14.5,
        -18,
        0,
        14.5,
        -18,
        0,
        -14.5,
        18,
        0,
        14.5,
        18,
        0
      ],
      "indexes": [
        0,
        1,
        2,
        2,
        1,
        3
      ],
      "uv": [
        6,
        39,
        35,
        39,
        6,
        3,
        35,
        3
      ],
      "nuv": [
        0.14634146341463414,
        0.07317073170731707,
        0.8536585365853658,
        0.07317073170731707,
        0.14634146341463414,
        0.9512195121951219,
        0.8536585365853658,
        0.9512195121951219
      ],
      "minPos": {
        "x": -14.5,
        "y": -18,
        "z": 0
      },
      "maxPos": {
        "x": 14.5,
        "y": 18,
        "z": 0
      }
    },
    "texture": "e44ad509-15fe-4326-87e8-887f456ba252@6c48a",
    "packable": true,
    "pixelsToUnit": 100,
    "pivot": {
      "x": 0.5,
      "y": 0.5
    },
    "meshType": 0
  }
}