{
  "__type__": "cc.SpriteFrame",
  "content": {
    "name": "49",
    "atlas": "",
    "rect": {
      "x": 2,
      "y": 2,
      "width": 25,
      "height": 25
    },
    "offset": {
      "x": 0,
      "y": 0
    },
    "originalSize": {
      "width": 29,
      "height": 29
    },
    "rotated": false,
    "capInsets": [
      0,
      0,
      0,
      0
    ],
    "vertices": {
      "rawPosition": [
        -12.5,
        -12.5,
        0,
        12.5,
        -12.5,
        0,
        -12.5,
        12.5,
        0,
        12.5,
        12.5,
        0
      ],
      "indexes": [
        0,
        1,
        2,
        2,
        1,
        3
      ],
      "uv": [
        2,
        27,
        27,
        27,
        2,
        2,
        27,
        2
      ],
      "nuv": [
        0.06896551724137931,
        0.06896551724137931,
        0.9310344827586207,
        0.06896551724137931,
        0.06896551724137931,
        0.9310344827586207,
        0.9310344827586207,
        0.9310344827586207
      ],
      "minPos": {
        "x": -12.5,
        "y": -12.5,
        "z": 0
      },
      "maxPos": {
        "x": 12.5,
        "y": 12.5,
        "z": 0
      }
    },
    "texture": "82a962c4-e234-443d-98c0-d9dc3a1b611f@6c48a",
    "packable": true,
    "pixelsToUnit": 100,
    "pivot": {
      "x": 0.5,
      "y": 0.5
    },
    "meshType": 0
  }
}