{
  "__type__": "cc.SpriteFrame",
  "content": {
    "name": "22",
    "atlas": "",
    "rect": {
      "x": 1,
      "y": 1,
      "width": 200,
      "height": 202
    },
    "offset": {
      "x": 0,
      "y": 1
    },
    "originalSize": {
      "width": 202,
      "height": 206
    },
    "rotated": false,
    "capInsets": [
      0,
      0,
      0,
      0
    ],
    "vertices": {
      "rawPosition": [
        -100,
        -101,
        0,
        100,
        -101,
        0,
        -100,
        101,
        0,
        100,
        101,
        0
      ],
      "indexes": [
        0,
        1,
        2,
        2,
        1,
        3
      ],
      "uv": [
        1,
        205,
        201,
        205,
        1,
        3,
        201,
        3
      ],
      "nuv": [
        0.0049504950495049506,
        0.014563106796116505,
        0.995049504950495,
        0.014563106796116505,
        0.0049504950495049506,
        0.9951456310679612,
        0.995049504950495,
        0.9951456310679612
      ],
      "minPos": {
        "x": -100,
        "y": -101,
        "z": 0
      },
      "maxPos": {
        "x": 100,
        "y": 101,
        "z": 0
      }
    },
    "texture": "c789147e-05ba-462b-938d-d76f49dfd0ab@6c48a",
    "packable": true,
    "pixelsToUnit": 100,
    "pivot": {
      "x": 0.5,
      "y": 0.5
    },
    "meshType": 0
  }
}