{
  "__type__": "cc.SpriteFrame",
  "content": {
    "name": "57",
    "atlas": "",
    "rect": {
      "x": 42,
      "y": 37,
      "width": 555,
      "height": 326
    },
    "offset": {
      "x": -0.5,
      "y": 0
    },
    "originalSize": {
      "width": 640,
      "height": 400
    },
    "rotated": false,
    "capInsets": [
      0,
      0,
      0,
      0
    ],
    "vertices": {
      "rawPosition": [
        -277.5,
        -163,
        0,
        277.5,
        -163,
        0,
        -277.5,
        163,
        0,
        277.5,
        163,
        0
      ],
      "indexes": [
        0,
        1,
        2,
        2,
        1,
        3
      ],
      "uv": [
        42,
        363,
        597,
        363,
        42,
        37,
        597,
        37
      ],
      "nuv": [
        0.065625,
        0.0925,
        0.9328125,
        0.0925,
        0.065625,
        0.9075,
        0.9328125,
        0.9075
      ],
      "minPos": {
        "x": -277.5,
        "y": -163,
        "z": 0
      },
      "maxPos": {
        "x": 277.5,
        "y": 163,
        "z": 0
      }
    },
    "texture": "81857208-136f-4a1a-bd47-a83272a1a0c0@6c48a",
    "packable": true,
    "pixelsToUnit": 100,
    "pivot": {
      "x": 0.5,
      "y": 0.5
    },
    "meshType": 0
  }
}