{
  "__type__": "cc.SpriteFrame",
  "content": {
    "name": "19",
    "atlas": "",
    "rect": {
      "x": 1,
      "y": 1,
      "width": 620,
      "height": 596
    },
    "offset": {
      "x": 0,
      "y": 0
    },
    "originalSize": {
      "width": 622,
      "height": 598
    },
    "rotated": false,
    "capInsets": [
      0,
      0,
      0,
      0
    ],
    "vertices": {
      "rawPosition": [
        -310,
        -298,
        0,
        310,
        -298,
        0,
        -310,
        298,
        0,
        310,
        298,
        0
      ],
      "indexes": [
        0,
        1,
        2,
        2,
        1,
        3
      ],
      "uv": [
        1,
        597,
        621,
        597,
        1,
        1,
        621,
        1
      ],
      "nuv": [
        0.001607717041800643,
        0.0016722408026755853,
        0.9983922829581994,
        0.0016722408026755853,
        0.001607717041800643,
        0.9983277591973244,
        0.9983922829581994,
        0.9983277591973244
      ],
      "minPos": {
        "x": -310,
        "y": -298,
        "z": 0
      },
      "maxPos": {
        "x": 310,
        "y": 298,
        "z": 0
      }
    },
    "texture": "0bfcfaac-dc13-40e3-957f-b43a90076621@6c48a",
    "packable": true,
    "pixelsToUnit": 100,
    "pivot": {
      "x": 0.5,
      "y": 0.5
    },
    "meshType": 0
  }
}