{
  "__type__": "cc.SpriteFrame",
  "content": {
    "name": "11",
    "atlas": "",
    "rect": {
      "x": 0,
      "y": 1,
      "width": 199,
      "height": 185
    },
    "offset": {
      "x": 0,
      "y": 0
    },
    "originalSize": {
      "width": 199,
      "height": 187
    },
    "rotated": false,
    "capInsets": [
      0,
      0,
      0,
      0
    ],
    "vertices": {
      "rawPosition": [
        -99.5,
        -92.5,
        0,
        99.5,
        -92.5,
        0,
        -99.5,
        92.5,
        0,
        99.5,
        92.5,
        0
      ],
      "indexes": [
        0,
        1,
        2,
        2,
        1,
        3
      ],
      "uv": [
        0,
        186,
        199,
        186,
        0,
        1,
        199,
        1
      ],
      "nuv": [
        0,
        0.0053475935828877,
        1,
        0.0053475935828877,
        0,
        0.9946524064171123,
        1,
        0.9946524064171123
      ],
      "minPos": {
        "x": -99.5,
        "y": -92.5,
        "z": 0
      },
      "maxPos": {
        "x": 99.5,
        "y": 92.5,
        "z": 0
      }
    },
    "texture": "2df1be8c-c52e-4071-b17e-b08097f63e12@6c48a",
    "packable": true,
    "pixelsToUnit": 100,
    "pivot": {
      "x": 0.5,
      "y": 0.5
    },
    "meshType": 0
  }
}