{
  "__type__": "cc.SpriteFrame",
  "content": {
    "name": "30",
    "atlas": "",
    "rect": {
      "x": 0,
      "y": 7,
      "width": 63,
      "height": 49
    },
    "offset": {
      "x": 0,
      "y": -0.5
    },
    "originalSize": {
      "width": 63,
      "height": 62
    },
    "rotated": false,
    "capInsets": [
      0,
      0,
      0,
      0
    ],
    "vertices": {
      "rawPosition": [
        -31.5,
        -24.5,
        0,
        31.5,
        -24.5,
        0,
        -31.5,
        24.5,
        0,
        31.5,
        24.5,
        0
      ],
      "indexes": [
        0,
        1,
        2,
        2,
        1,
        3
      ],
      "uv": [
        0,
        55,
        63,
        55,
        0,
        6,
        63,
        6
      ],
      "nuv": [
        0,
        0.0967741935483871,
        1,
        0.0967741935483871,
        0,
        0.8870967741935484,
        1,
        0.8870967741935484
      ],
      "minPos": {
        "x": -31.5,
        "y": -24.5,
        "z": 0
      },
      "maxPos": {
        "x": 31.5,
        "y": 24.5,
        "z": 0
      }
    },
    "texture": "22424d54-78d0-4eee-88df-b7f61153d8ef@6c48a",
    "packable": true,
    "pixelsToUnit": 100,
    "pivot": {
      "x": 0.5,
      "y": 0.5
    },
    "meshType": 0
  }
}