{
  "__type__": "cc.SpriteFrame",
  "content": {
    "name": "44",
    "atlas": "",
    "rect": {
      "x": 4,
      "y": 8,
      "width": 77,
      "height": 43
    },
    "offset": {
      "x": -0.5,
      "y": 0
    },
    "originalSize": {
      "width": 86,
      "height": 59
    },
    "rotated": false,
    "capInsets": [
      0,
      0,
      0,
      0
    ],
    "vertices": {
      "rawPosition": [
        -38.5,
        -21.5,
        0,
        38.5,
        -21.5,
        0,
        -38.5,
        21.5,
        0,
        38.5,
        21.5,
        0
      ],
      "indexes": [
        0,
        1,
        2,
        2,
        1,
        3
      ],
      "uv": [
        4,
        51,
        81,
        51,
        4,
        8,
        81,
        8
      ],
      "nuv": [
        0.046511627906976744,
        0.13559322033898305,
        0.9418604651162791,
        0.13559322033898305,
        0.046511627906976744,
        0.864406779661017,
        0.9418604651162791,
        0.864406779661017
      ],
      "minPos": {
        "x": -38.5,
        "y": -21.5,
        "z": 0
      },
      "maxPos": {
        "x": 38.5,
        "y": 21.5,
        "z": 0
      }
    },
    "texture": "bd733ff4-a6ff-421a-b56a-18424091bdff@6c48a",
    "packable": true,
    "pixelsToUnit": 100,
    "pivot": {
      "x": 0.5,
      "y": 0.5
    },
    "meshType": 0
  }
}